{"cameraMode":{"drawMode":0,"name":"Shaded","section":"Shading Mode"},"sceneLighting":false,"audioPlay":false,"sceneViewState":{"m_AlwaysRefresh":false,"showFog":true,"showSkybox":false,"showFlares":true,"showImageEffects":true,"showParticleSystems":true,"showVisualEffectGraphs":true,"m_FxEnabled":true},"in2DMode":false,"pivot":{"x":1253.5347900390625,"y":113.36222076416016,"z":1154.9229736328125},"rotation":{"x":-0.2792287766933441,"y":0.11228897422552109,"z":-0.03290494903922081,"w":-0.9530798196792603},"size":19.862890243530275,"orthographic":true}