{"cameraMode":{"drawMode":0,"name":"Shaded","section":"Shading Mode"},"sceneLighting":true,"audioPlay":false,"sceneViewState":{"m_AlwaysRefresh":false,"showFog":true,"showSkybox":true,"showFlares":true,"showImageEffects":true,"showParticleSystems":true,"showVisualEffectGraphs":true,"m_FxEnabled":true},"in2DMode":false,"pivot":{"x":-0.008776482194662094,"y":0.37300217151641848,"z":0.005081892013549805},"rotation":{"x":0.13744519650936128,"y":0.6230022311210632,"z":-0.1124023050069809,"w":0.7618043422698975},"size":3.542027473449707,"orthographic":true}